{
    "type" : "creative_dimension:creative",
    "generator" : 
    {
        "type" : "minecraft:flat",
        "settings" : 
        {
            "layers" : 
            [
                {
                    "block" : "minecraft:air",
                    "height" : 63
                },
                {
                    "block" : "minecraft:grass_block",
                    "height" : 1
                }
            ],
            "biome" : "creative_dimension:creative",
            "lakes" : false,
            "features" : false,
            "structure_overrides" : []
        }
    }
}